Sprint_ID,Start_Date,End_Date,Duration_Days,Points_Engaged,Points_Delivered
2023_q4_3,2023-08-28,2023-09-08,9,22,12
2023_q4_4,2023-09-11,2023-09-22,10,23,13
2023_q4_5,2023-09-25,2023-10-06,9,39,19
2023_q4_6,2023-10-10,2023-10-27,14,36,18
2024_q1_1,2023-10-30,2023-11-10,10,37,37
2024_q1_2,2023-11-14,2023-11-24,9,23,18
2024_q1_3,2023-11-27,2023-12-08,10,29,11
2024_q1_4,2023-12-11,2023-12-22,10,33,0